arquivo,zip_origem,largura,altura,bytes,sha256,integridade_original
assets\concepts\RutherFox_Lab Concept Art1.png,drive-download-20230531T003225Z-001.zip,1920,1080,161355,59cbb67e76466d00d215b3946698dccd54550cba13cb7c5c040330e59d80d7cf,verificada
assets\concepts\RutherFox_Nuclear Lab Concept Art1.png,drive-download-20230531T003225Z-001.zip,1920,1080,57495,aa7d9f0cc13306ec91858fee9b4e48a7c26d815c44e9874b642e74756fa7e190,verificada
assets\concepts\RutherFox_Storage Concept Art1.png,drive-download-20230531T003225Z-001.zip,1920,1080,279030,d548967e5fc55a28d091f51b5aab9bbc49db36cca62a79bbceb292b04298fcb8,verificada
assets\lab1\Background.png,RutherFox_BackgroundSprites_Lab1.zip,1920,1080,1071865,e469efbf7dff591bb3cfb29ff594b603a0bb77474b831e950709e0ae97bb61d4,verificada
assets\lab1\Cabinet1.png,RutherFox_BackgroundSprites_Lab1.zip,7202,1699,64760,123b3bae2964ffa5239748c7dd498e947fd2554ff4f502e076e34c34cd5b906c,verificada
assets\lab1\Cabinet2.png,RutherFox_BackgroundSprites_Lab1.zip,7202,1698,65567,b0046a15bd0b6e1bc8debfe96a459a7c7db431b1d5f1bacde38a6d48bc6d36bb,verificada
assets\lab1\Cage1.png,RutherFox_BackgroundSprites_Lab1.zip,4002,4007,327011,488047af716ff0f264c57b11e44072bc7b17602f7b97992d298b417f957861ec,verificada
assets\lab1\Table1.png,RutherFox_BackgroundSprites_Lab1.zip,9735,2510,390169,9ed032f53f5b9b4137580b7ae6acca940b3f46799df73c957d09d6fd83e5c54a,verificada
assets\lab1\Table2.png,RutherFox_BackgroundSprites_Lab1.zip,9735,2469,310105,9f6c8b971345c107aa6b8994690f8752799572c8a1cffb376077d89d6330a74e,verificada
assets\lab1\Table3.png,RutherFox_BackgroundSprites_Lab1.zip,8383,3770,351526,238073083bc1d1654fc01b93f24a1a8a5bdaf4c19cd56aba7bbaf791b30e0d42,verificada
assets\lab1\Table4.png,RutherFox_BackgroundSprites_Lab1.zip,4010,6447,549195,e919a1226bf296a6af33389ed2afd83cc71ae8e1cf1ee6605ce77f90b648a7b2,verificada
assets\lab2\Background.png,RutherFox_BackgroundSprites_Lab2.zip,1920,1080,1017530,429d35c7086f157c24e77c5874a62700dea14ea9f5cff3aa3a86dc08cdafd1bc,verificada
assets\lab2\Chair1.png,RutherFox_BackgroundSprites_Lab2.zip,1384,2840,35017,0d848c337ae2c86f5ec24a855c0a1cdeedd54f3af209d8af2ee7fbc3a689ea4e,verificada
assets\lab2\Chair2.png,RutherFox_BackgroundSprites_Lab2.zip,1384,2840,35017,0d848c337ae2c86f5ec24a855c0a1cdeedd54f3af209d8af2ee7fbc3a689ea4e,verificada
assets\lab2\PC.png,RutherFox_BackgroundSprites_Lab2.zip,9738,5117,253883,c7e3ed4f78940dfff40bb5667e57e95cc3e228b81f0799766ad4f4c72e210c8f,verificada
assets\storage\Background.png,RutherFox_BackgroundSprites_Storage.zip,1920,1080,1354009,0c8e512415417cf932a603dc840c40d2d086a26f639a40cdd36e771fffc436b1,verificada
assets\storage\Barrel1.png,RutherFox_BackgroundSprites_Storage.zip,2093,2922,232596,7f346b76b79eb6070a0455319d4f7b653de9bd11aae990d030e058b6d1e655b5,verificada
assets\storage\Barrel2.png,RutherFox_BackgroundSprites_Storage.zip,2093,2922,232596,7f346b76b79eb6070a0455319d4f7b653de9bd11aae990d030e058b6d1e655b5,verificada
assets\storage\Barrel3.png,RutherFox_BackgroundSprites_Storage.zip,2093,2922,232596,7f346b76b79eb6070a0455319d4f7b653de9bd11aae990d030e058b6d1e655b5,verificada
assets\storage\Barrel4.png,RutherFox_BackgroundSprites_Storage.zip,2093,2922,232596,7f346b76b79eb6070a0455319d4f7b653de9bd11aae990d030e058b6d1e655b5,verificada
assets\storage\Barrel5.png,RutherFox_BackgroundSprites_Storage.zip,2093,2922,232596,7f346b76b79eb6070a0455319d4f7b653de9bd11aae990d030e058b6d1e655b5,verificada
assets\storage\Barrel6.png,RutherFox_BackgroundSprites_Storage.zip,2093,2922,232596,7f346b76b79eb6070a0455319d4f7b653de9bd11aae990d030e058b6d1e655b5,verificada
assets\storage\BioBarrel1.png,RutherFox_BackgroundSprites_Storage.zip,1962,2740,407193,5ade861ab420d7432801cdc142a27466a89d909e10d16729b759b888d88efa4a,verificada
assets\storage\BioBarrel2.png,RutherFox_BackgroundSprites_Storage.zip,1962,2740,407193,5ade861ab420d7432801cdc142a27466a89d909e10d16729b759b888d88efa4a,verificada
assets\storage\BioBarrel3.png,RutherFox_BackgroundSprites_Storage.zip,1962,2740,407193,5ade861ab420d7432801cdc142a27466a89d909e10d16729b759b888d88efa4a,verificada
assets\storage\BioBarrel4.png,RutherFox_BackgroundSprites_Storage.zip,1962,2740,407193,5ade861ab420d7432801cdc142a27466a89d909e10d16729b759b888d88efa4a,verificada
assets\storage\BioBarrel5.png,RutherFox_BackgroundSprites_Storage.zip,1962,2740,407193,5ade861ab420d7432801cdc142a27466a89d909e10d16729b759b888d88efa4a,verificada
assets\storage\Box1.png,RutherFox_BackgroundSprites_Storage.zip,4150,3179,728879,4bf706edad396572631b5aeade15e78023c2babf0c7fbdad3d89ab4f472a51ed,verificada
assets\storage\Box2.png,RutherFox_BackgroundSprites_Storage.zip,4150,3179,728879,4bf706edad396572631b5aeade15e78023c2babf0c7fbdad3d89ab4f472a51ed,verificada
assets\storage\Box3.png,RutherFox_BackgroundSprites_Storage.zip,4150,3179,728879,4bf706edad396572631b5aeade15e78023c2babf0c7fbdad3d89ab4f472a51ed,verificada
assets\storage\Box4.png,RutherFox_BackgroundSprites_Storage.zip,4150,3179,728879,4bf706edad396572631b5aeade15e78023c2babf0c7fbdad3d89ab4f472a51ed,verificada
assets\storage\Box5.png,RutherFox_BackgroundSprites_Storage.zip,4150,3179,728879,4bf706edad396572631b5aeade15e78023c2babf0c7fbdad3d89ab4f472a51ed,verificada
assets\storage\Box6.png,RutherFox_BackgroundSprites_Storage.zip,4150,3179,728879,4bf706edad396572631b5aeade15e78023c2babf0c7fbdad3d89ab4f472a51ed,verificada
